run,benchmark,lower_us,estimate_us,upper_us
1,kernel_goldilocks_special,873.54,883.61,896.65
1,kernel_montgomery,1150.8,1172.4,1197.8
1,monomial_goldilocks_special,1432.9,1453.5,1475.5
1,monomial_montgomery,1488.3999999999999,1531.0,1589.3
2,kernel_goldilocks_special,948.02,989.03,1053.8000000000002
2,kernel_montgomery,1201.8,1227.7,1256.8999999999999
2,monomial_goldilocks_special,1539.7,1559.3999999999999,1582.1000000000001
2,monomial_montgomery,1629.8,1654.1999999999998,1679.3
3,kernel_goldilocks_special,1031.5,1080.8999999999999,1140.0
3,kernel_montgomery,1137.1,1159.8999999999999,1186.8000000000002
3,monomial_goldilocks_special,1519.6000000000001,1537.0,1556.5
3,monomial_montgomery,1789.6000000000001,1901.1,2055.2000000000003
4,kernel_goldilocks_special,988.9,1036.0,1078.7
4,kernel_montgomery,1264.8,1323.7,1398.8
4,monomial_goldilocks_special,2063.1,2208.2999999999997,2348.0
4,monomial_montgomery,1632.6000000000001,1666.0,1703.6
5,kernel_goldilocks_special,916.32,952.15,986.29
5,kernel_montgomery,1243.9,1277.6000000000001,1317.8000000000002
5,monomial_goldilocks_special,1564.0,1607.8,1670.8
5,monomial_montgomery,1635.3999999999999,1702.8000000000002,1771.3000000000002
