method,n,lower_ns,estimate_ns,upper_ns,relative_to_kernel
kernel_optimized,1024,4342.0,4343.200000000001,4344.400000000001,1.0
monomial_parallel_4096,1024,8610.0,8612.9,8615.9,1.983076993921532
monomial_horner,1024,8705.4,8708.0,8711.2,2.0049732915822434
lagrange_parallel,1024,109430.0,109710.0,109990.0,25.26017682814514
lagrange_serial,1024,21515.0,21612.0,21832.0,4.976054522011419
kernel_optimized,4096,16958.0,16975.0,17005.0,1.0
monomial_parallel_4096,4096,34544.0,34599.0,34675.0,2.0382326951399117
monomial_horner,4096,35227.0,35491.0,35895.0,2.090780559646539
lagrange_parallel,4096,236680.0,250220.0,267850.0,14.740500736377024
lagrange_serial,4096,84245.0,84269.0,84299.0,4.964300441826215
kernel_optimized,16384,56171.0,59153.0,62849.0,1.0
monomial_parallel_4096,16384,68646.0,69174.0,69932.0,1.1694081449799671
monomial_horner,16384,140310.0,146720.0,154300.0,2.48034757324227
lagrange_parallel,16384,438300.0,439930.0,441980.0,7.437154497658614
lagrange_serial,16384,333920.0,334240.0,334600.0,5.650431930755836
kernel_optimized,65536,90860.0,91116.0,91373.0,1.0
monomial_parallel_4096,65536,137970.0,139480.0,141830.0,1.5307959085122262
monomial_horner,65536,558560.0,558910.0,559370.0,6.134048904692919
lagrange_parallel,65536,1245700.0,1250300.0,1256100.0,13.722068571930286
lagrange_serial,65536,1338200.0,1339100.0,1339800.0,14.696650423635806
kernel_optimized,262144,255910.0,263230.0,275170.0,1.0
monomial_parallel_4096,262144,378640.0,380910.0,383630.0,1.4470615051475895
monomial_horner,262144,2240400.0,2244000.0,2248300.0,8.524864187212703
lagrange_parallel,262144,4532900.0,4561200.0,4603300.0,17.32781217946283
lagrange_serial,262144,5363500.0,5367900.0,5372600.0,20.39243247350226
kernel_optimized,1048576,1000899.9999999999,1056000.0,1113200.0,1.0
monomial_parallel_4096,1048576,1398400.0,1411600.0,1428200.0,1.3367424242424242
monomial_horner,1048576,9033400.0,9040200.0,9047500.0,8.560795454545454
lagrange_parallel,1048576,17150000.0,17199000.0,17262000.0,16.286931818181817
lagrange_serial,1048576,21381000.0,21389000.0,21396000.0,20.254734848484848
